dataset,seed,loss,epoch,train_loss,val_loss
CIFAR10_Bird_vs_Frog_ControlledImbalance,42,Soft-F2,1,0.4538018937372711,0.4337283317133677
CIFAR10_Bird_vs_Frog_ControlledImbalance,42,Soft-F2,2,0.4323431741644089,0.43372775753625004
CIFAR10_Bird_vs_Frog_ControlledImbalance,42,Soft-F2,3,0.4347624619944905,0.43372775753625004
CIFAR10_Bird_vs_Frog_ControlledImbalance,42,Soft-F2,4,0.43212444952862633,0.43372775753625004
CIFAR10_Bird_vs_Frog_ControlledImbalance,42,Soft-F2,5,0.43424353639249,0.43372775753625004
CIFAR10_Bird_vs_Frog_ControlledImbalance,42,Soft-F2,6,0.43364060118217707,0.43372775753625004
CIFAR10_Bird_vs_Frog_ControlledImbalance,42,Weighted BCE,1,1.3310095693054336,1.0724539619555575
CIFAR10_Bird_vs_Frog_ControlledImbalance,42,Weighted BCE,2,1.0192072444086564,1.0043308314659614
CIFAR10_Bird_vs_Frog_ControlledImbalance,42,Weighted BCE,3,0.9305719927449574,0.9016863677999098
CIFAR10_Bird_vs_Frog_ControlledImbalance,42,Weighted BCE,4,0.8496540093829673,0.8745619573181481
CIFAR10_Bird_vs_Frog_ControlledImbalance,42,Weighted BCE,5,0.7982968351092026,0.848426273400835
CIFAR10_Bird_vs_Frog_ControlledImbalance,42,Weighted BCE,6,0.7424432565562903,0.8854485668724389
CIFAR10_Bird_vs_Frog_ControlledImbalance,42,Weighted BCE,7,0.704144909669428,0.8444253763706564
CIFAR10_Bird_vs_Frog_ControlledImbalance,42,Weighted BCE,8,0.648894725459637,0.8060951644568135
CIFAR10_Bird_vs_Frog_ControlledImbalance,42,Weighted BCE,9,0.593476639901272,0.8148466597358099
CIFAR10_Bird_vs_Frog_ControlledImbalance,42,Weighted BCE,10,0.5575616864552915,0.7890432434116336
CIFAR10_Bird_vs_Frog_ControlledImbalance,42,Weighted BCE,11,0.5201030926700114,0.8104389335611741
CIFAR10_Bird_vs_Frog_ControlledImbalance,42,Weighted BCE,12,0.4757231231426785,0.81775003543003
CIFAR10_Bird_vs_Frog_ControlledImbalance,42,Weighted BCE,13,0.4380190793079476,0.8148849829495382
CIFAR10_Bird_vs_Frog_ControlledImbalance,42,Weighted BCE,14,0.4063969530252376,0.8181862608134318
CIFAR10_Bird_vs_Frog_ControlledImbalance,42,Weighted BCE,15,0.37577984547100013,0.8431088444140318
CIFAR10_Bird_vs_Frog_ControlledImbalance,73,Soft-F2,1,0.450756021548133,0.43312643500540754
CIFAR10_Bird_vs_Frog_ControlledImbalance,73,Soft-F2,2,0.4334378047208331,0.4331260782351597
CIFAR10_Bird_vs_Frog_ControlledImbalance,73,Soft-F2,3,0.4338320192724171,0.43312605079129446
CIFAR10_Bird_vs_Frog_ControlledImbalance,73,Soft-F2,4,0.432665696614074,0.43312605079129446
CIFAR10_Bird_vs_Frog_ControlledImbalance,73,Soft-F2,5,0.4326411987295245,0.43312605079129446
CIFAR10_Bird_vs_Frog_ControlledImbalance,73,Soft-F2,6,0.4342690859690751,0.43312605079129446
CIFAR10_Bird_vs_Frog_ControlledImbalance,73,Weighted BCE,1,1.1696486830389468,1.007319182800732
CIFAR10_Bird_vs_Frog_ControlledImbalance,73,Weighted BCE,2,0.9192510369551493,0.9323822611527477
CIFAR10_Bird_vs_Frog_ControlledImbalance,73,Weighted BCE,3,0.8141953440317691,0.9235743172734762
CIFAR10_Bird_vs_Frog_ControlledImbalance,73,Weighted BCE,4,0.7377659606568777,0.9054859001859487
CIFAR10_Bird_vs_Frog_ControlledImbalance,73,Weighted BCE,5,0.6911112739629943,0.8610057016070798
CIFAR10_Bird_vs_Frog_ControlledImbalance,73,Weighted BCE,6,0.6405468160885074,0.8580035618740878
CIFAR10_Bird_vs_Frog_ControlledImbalance,73,Weighted BCE,7,0.5864794470242398,0.9001696727258696
CIFAR10_Bird_vs_Frog_ControlledImbalance,73,Weighted BCE,8,0.5487325632497064,0.8526947867098472
CIFAR10_Bird_vs_Frog_ControlledImbalance,73,Weighted BCE,9,0.5084734729932945,0.8534055781021392
CIFAR10_Bird_vs_Frog_ControlledImbalance,73,Weighted BCE,10,0.4762028405571928,0.9641146239616888
CIFAR10_Bird_vs_Frog_ControlledImbalance,73,Weighted BCE,11,0.4475273492366317,0.8667688382615288
CIFAR10_Bird_vs_Frog_ControlledImbalance,73,Weighted BCE,12,0.41452150962891393,0.8838632569896231
CIFAR10_Bird_vs_Frog_ControlledImbalance,73,Weighted BCE,13,0.3708874163168384,0.911981435130826
CIFAR10_Bird_vs_Frog_ControlledImbalance,101,Soft-F2,1,0.4549575171741036,0.43361718748970857
CIFAR10_Bird_vs_Frog_ControlledImbalance,101,Soft-F2,2,0.43451425806023214,0.43357867431297575
CIFAR10_Bird_vs_Frog_ControlledImbalance,101,Soft-F2,3,0.43439666507053115,0.4335742832945405
CIFAR10_Bird_vs_Frog_ControlledImbalance,101,Soft-F2,4,0.4337006815911198,0.4335731580960665
CIFAR10_Bird_vs_Frog_ControlledImbalance,101,Soft-F2,5,0.43281401577133194,0.4335727464380882
CIFAR10_Bird_vs_Frog_ControlledImbalance,101,Soft-F2,6,0.433119739314439,0.4335725817748969
CIFAR10_Bird_vs_Frog_ControlledImbalance,101,Soft-F2,7,0.43490558621263203,0.4335724994433012
CIFAR10_Bird_vs_Frog_ControlledImbalance,101,Weighted BCE,1,1.4275157005265422,1.0945162687370245
CIFAR10_Bird_vs_Frog_ControlledImbalance,101,Weighted BCE,2,1.0961423706729385,1.0976983351673153
CIFAR10_Bird_vs_Frog_ControlledImbalance,101,Weighted BCE,3,1.0821484981840737,1.0871089696884155
CIFAR10_Bird_vs_Frog_ControlledImbalance,101,Weighted BCE,4,1.04379791734886,1.050157236538345
CIFAR10_Bird_vs_Frog_ControlledImbalance,101,Weighted BCE,5,0.9960734856010663,1.0274004687508234
CIFAR10_Bird_vs_Frog_ControlledImbalance,101,Weighted BCE,6,0.9617815484987734,1.0099208106239923
CIFAR10_Bird_vs_Frog_ControlledImbalance,101,Weighted BCE,7,0.9288974500904204,1.0037593832976526
CIFAR10_Bird_vs_Frog_ControlledImbalance,101,Weighted BCE,8,0.9017629062238842,0.9969304937252895
CIFAR10_Bird_vs_Frog_ControlledImbalance,101,Weighted BCE,9,0.8743088560851172,0.9967866407023916
CIFAR10_Bird_vs_Frog_ControlledImbalance,101,Weighted BCE,10,0.8459745508716731,0.9887477579734308
CIFAR10_Bird_vs_Frog_ControlledImbalance,101,Weighted BCE,11,0.8240504727827118,0.980895761105654
CIFAR10_Bird_vs_Frog_ControlledImbalance,101,Weighted BCE,12,0.7959539776015775,0.975910539249722
CIFAR10_Bird_vs_Frog_ControlledImbalance,101,Weighted BCE,13,0.7707670614270881,0.9709444354763992
CIFAR10_Bird_vs_Frog_ControlledImbalance,101,Weighted BCE,14,0.756825706102524,0.9801169539527069
CIFAR10_Bird_vs_Frog_ControlledImbalance,101,Weighted BCE,15,0.7320119051328122,0.964977352739238
CIFAR10_Bird_vs_Frog_ControlledImbalance,101,Weighted BCE,16,0.7099350129130936,0.9642915597064889
CIFAR10_Bird_vs_Frog_ControlledImbalance,101,Weighted BCE,17,0.69077685585331,0.9652245061860668
CIFAR10_Bird_vs_Frog_ControlledImbalance,101,Weighted BCE,18,0.6730030050264834,0.9662685857402334
CIFAR10_Bird_vs_Frog_ControlledImbalance,101,Weighted BCE,19,0.6584684173874121,0.9654344577583478
CIFAR10_Bird_vs_Frog_ControlledImbalance,101,Weighted BCE,20,0.6441793231466244,0.9649561755091166
CIFAR10_Bird_vs_Frog_ControlledImbalance,101,Weighted BCE,21,0.6277914527941136,0.9659602770702445
CIFAR10_Bird_vs_Frog_ControlledImbalance,137,Soft-F2,1,0.4547778215095012,0.43706054138622696
CIFAR10_Bird_vs_Frog_ControlledImbalance,137,Soft-F2,2,0.4333599938882781,0.4370071356245082
CIFAR10_Bird_vs_Frog_ControlledImbalance,137,Soft-F2,3,0.4331642645742312,0.43699989044409004
CIFAR10_Bird_vs_Frog_ControlledImbalance,137,Soft-F2,4,0.4336949249949142,0.43699791448579417
CIFAR10_Bird_vs_Frog_ControlledImbalance,137,Soft-F2,5,0.43366194957017257,0.43699722838916366
CIFAR10_Bird_vs_Frog_ControlledImbalance,137,Soft-F2,6,0.4354834569455481,0.43699692650664623
CIFAR10_Bird_vs_Frog_ControlledImbalance,137,Soft-F2,7,0.43376461505675296,0.43699681673118534
CIFAR10_Bird_vs_Frog_ControlledImbalance,137,Soft-F2,8,0.43272108671152304,0.43699678928732016
CIFAR10_Bird_vs_Frog_ControlledImbalance,137,Soft-F2,9,0.4333290116514417,0.43699678928732016
CIFAR10_Bird_vs_Frog_ControlledImbalance,137,Soft-F2,10,0.4340794149226267,0.43699676184345493
CIFAR10_Bird_vs_Frog_ControlledImbalance,137,Soft-F2,11,0.4342693016938966,0.43699676184345493
CIFAR10_Bird_vs_Frog_ControlledImbalance,137,Weighted BCE,1,1.26647933880345,0.9781865396087975
CIFAR10_Bird_vs_Frog_ControlledImbalance,137,Weighted BCE,2,0.9620008357573371,0.8825239123200341
CIFAR10_Bird_vs_Frog_ControlledImbalance,137,Weighted BCE,3,0.8667989976764476,0.8292646476690718
CIFAR10_Bird_vs_Frog_ControlledImbalance,137,Weighted BCE,4,0.805460760981837,0.8101649005636037
CIFAR10_Bird_vs_Frog_ControlledImbalance,137,Weighted BCE,5,0.7483459693370479,0.777513628812145
CIFAR10_Bird_vs_Frog_ControlledImbalance,137,Weighted BCE,6,0.6880488189140169,0.7667072994245899
CIFAR10_Bird_vs_Frog_ControlledImbalance,137,Weighted BCE,7,0.632698885767874,0.7590681910514832
CIFAR10_Bird_vs_Frog_ControlledImbalance,137,Weighted BCE,8,0.5877147785829704,0.801518395650301
CIFAR10_Bird_vs_Frog_ControlledImbalance,137,Weighted BCE,9,0.5534042177384871,0.7596850253695207
CIFAR10_Bird_vs_Frog_ControlledImbalance,137,Weighted BCE,10,0.508465610276891,0.7424385770619344
CIFAR10_Bird_vs_Frog_ControlledImbalance,137,Weighted BCE,11,0.4567479866244147,0.7629510580206946
CIFAR10_Bird_vs_Frog_ControlledImbalance,137,Weighted BCE,12,0.4336865418510969,0.7524188752654645
CIFAR10_Bird_vs_Frog_ControlledImbalance,137,Weighted BCE,13,0.40800624463495966,0.7611402058772904
CIFAR10_Bird_vs_Frog_ControlledImbalance,137,Weighted BCE,14,0.37446239542360243,0.7561019315994043
CIFAR10_Bird_vs_Frog_ControlledImbalance,137,Weighted BCE,15,0.35387766385378866,0.7729730164404396
CIFAR10_Bird_vs_Frog_ControlledImbalance,211,Soft-F2,1,0.45536843647729375,0.43163137813266234
CIFAR10_Bird_vs_Frog_ControlledImbalance,211,Soft-F2,2,0.4351586752598829,0.4315216322596982
CIFAR10_Bird_vs_Frog_ControlledImbalance,211,Soft-F2,3,0.4327853967969639,0.43150383491310285
CIFAR10_Bird_vs_Frog_ControlledImbalance,211,Soft-F2,4,0.43279334717672435,0.431498634729454
CIFAR10_Bird_vs_Frog_ControlledImbalance,211,Soft-F2,5,0.43314593821147024,0.43149672609439
CIFAR10_Bird_vs_Frog_ControlledImbalance,211,Soft-F2,6,0.43284550993212917,0.4314959936862369
CIFAR10_Bird_vs_Frog_ControlledImbalance,211,Soft-F2,7,0.43390268275160493,0.43149565192435285
CIFAR10_Bird_vs_Frog_ControlledImbalance,211,Soft-F2,8,0.43275602399283547,0.4314955112745436
CIFAR10_Bird_vs_Frog_ControlledImbalance,211,Weighted BCE,1,1.2520680928638022,0.9708611553521465
CIFAR10_Bird_vs_Frog_ControlledImbalance,211,Weighted BCE,2,0.9406098678882437,0.9012133131781928
CIFAR10_Bird_vs_Frog_ControlledImbalance,211,Weighted BCE,3,0.8380495323778594,0.8784790352094087
CIFAR10_Bird_vs_Frog_ControlledImbalance,211,Weighted BCE,4,0.7850414297797463,0.8490355675169032
CIFAR10_Bird_vs_Frog_ControlledImbalance,211,Weighted BCE,5,0.7344659172018619,0.8156907082461625
CIFAR10_Bird_vs_Frog_ControlledImbalance,211,Weighted BCE,6,0.6827452365714725,0.8153389074819551
CIFAR10_Bird_vs_Frog_ControlledImbalance,211,Weighted BCE,7,0.6334583962103142,0.8169270753860474
CIFAR10_Bird_vs_Frog_ControlledImbalance,211,Weighted BCE,8,0.5819384406859761,0.8080265290445561
CIFAR10_Bird_vs_Frog_ControlledImbalance,211,Weighted BCE,9,0.5387861451300064,0.8464852211286695
CIFAR10_Bird_vs_Frog_ControlledImbalance,211,Weighted BCE,10,0.4954522660355864,0.7935182966774316
CIFAR10_Bird_vs_Frog_ControlledImbalance,211,Weighted BCE,11,0.46389915407186794,0.8095865133854983
CIFAR10_Bird_vs_Frog_ControlledImbalance,211,Weighted BCE,12,0.42430222984051297,0.925091807361987
CIFAR10_Bird_vs_Frog_ControlledImbalance,211,Weighted BCE,13,0.397820840109371,0.7840972083935634
CIFAR10_Bird_vs_Frog_ControlledImbalance,211,Weighted BCE,14,0.3677757466086174,0.8160550289874454
CIFAR10_Bird_vs_Frog_ControlledImbalance,211,Weighted BCE,15,0.33122202917651805,0.9047498758748281
CIFAR10_Bird_vs_Frog_ControlledImbalance,211,Weighted BCE,16,0.3036342338331104,0.819535368638073
CIFAR10_Bird_vs_Frog_ControlledImbalance,211,Weighted BCE,17,0.3134891841456656,1.0801265531306645
CIFAR10_Bird_vs_Frog_ControlledImbalance,211,Weighted BCE,18,0.30015867731251444,0.8482782459087509
CIFAR10_Bird_vs_Frog_ControlledImbalance,307,Soft-F2,1,0.4568838054912783,0.4319155074709611
CIFAR10_Bird_vs_Frog_ControlledImbalance,307,Soft-F2,2,0.4338201867579126,0.4318865486186185
CIFAR10_Bird_vs_Frog_ControlledImbalance,307,Soft-F2,3,0.43389901500044376,0.43188320046706163
CIFAR10_Bird_vs_Frog_ControlledImbalance,307,Soft-F2,4,0.4347522748578893,0.4318823497072398
CIFAR10_Bird_vs_Frog_ControlledImbalance,307,Soft-F2,5,0.4336166441386933,0.4318820478247224
CIFAR10_Bird_vs_Frog_ControlledImbalance,307,Soft-F2,6,0.43533856642342816,0.4318819106053963
CIFAR10_Bird_vs_Frog_ControlledImbalance,307,Soft-F2,7,0.4321293189223021,0.4318818831615311
CIFAR10_Bird_vs_Frog_ControlledImbalance,307,Weighted BCE,1,1.172457954349226,0.9403414983543561
CIFAR10_Bird_vs_Frog_ControlledImbalance,307,Weighted BCE,2,0.8834273717512857,0.904340402685481
CIFAR10_Bird_vs_Frog_ControlledImbalance,307,Weighted BCE,3,0.8203899593207344,0.9791903079842492
CIFAR10_Bird_vs_Frog_ControlledImbalance,307,Weighted BCE,4,0.7969925439003671,0.8896687819803362
CIFAR10_Bird_vs_Frog_ControlledImbalance,307,Weighted BCE,5,0.7265086639689283,0.8734860214398061
CIFAR10_Bird_vs_Frog_ControlledImbalance,307,Weighted BCE,6,0.6493353114055149,0.896374401857527
CIFAR10_Bird_vs_Frog_ControlledImbalance,307,Weighted BCE,7,0.5843807257691769,0.9081451232484776
CIFAR10_Bird_vs_Frog_ControlledImbalance,307,Weighted BCE,8,0.5535870302270706,0.8819327191483203
CIFAR10_Bird_vs_Frog_ControlledImbalance,307,Weighted BCE,9,0.5046689583040593,0.8927119991762175
CIFAR10_Bird_vs_Frog_ControlledImbalance,307,Weighted BCE,10,0.48042311363130086,0.9524433488468472
CIFAR10_Bird_vs_Frog_ControlledImbalance,401,Soft-F2,1,0.4534766366629854,0.43416080157533826
CIFAR10_Bird_vs_Frog_ControlledImbalance,401,Soft-F2,2,0.43319349043225513,0.4341319855168569
CIFAR10_Bird_vs_Frog_ControlledImbalance,401,Soft-F2,3,0.43383003193231234,0.4341287471407609
CIFAR10_Bird_vs_Frog_ControlledImbalance,401,Soft-F2,4,0.43343102851502,0.4341279238248043
CIFAR10_Bird_vs_Frog_ControlledImbalance,401,Soft-F2,5,0.4333295147768771,0.4341276493861521
CIFAR10_Bird_vs_Frog_ControlledImbalance,401,Soft-F2,6,0.43451683736941926,0.4341275396106912
CIFAR10_Bird_vs_Frog_ControlledImbalance,401,Soft-F2,7,0.43386242558138527,0.43412748472296075
CIFAR10_Bird_vs_Frog_ControlledImbalance,401,Weighted BCE,1,1.330898450367307,1.1320067807067213
CIFAR10_Bird_vs_Frog_ControlledImbalance,401,Weighted BCE,2,1.0000360265280297,0.9304851164920724
CIFAR10_Bird_vs_Frog_ControlledImbalance,401,Weighted BCE,3,0.8758115664888995,0.9059080382902845
CIFAR10_Bird_vs_Frog_ControlledImbalance,401,Weighted BCE,4,0.8326030951915401,0.9005009707787054
CIFAR10_Bird_vs_Frog_ControlledImbalance,401,Weighted BCE,5,0.7850009988922991,0.8424995571589299
CIFAR10_Bird_vs_Frog_ControlledImbalance,401,Weighted BCE,6,0.7341206869920238,0.8318442775191163
CIFAR10_Bird_vs_Frog_ControlledImbalance,401,Weighted BCE,7,0.6962874710398896,0.8099979265130681
CIFAR10_Bird_vs_Frog_ControlledImbalance,401,Weighted BCE,8,0.6500908719001859,0.8077292742489053
CIFAR10_Bird_vs_Frog_ControlledImbalance,401,Weighted BCE,9,0.6003919208403861,0.7954497165817151
CIFAR10_Bird_vs_Frog_ControlledImbalance,401,Weighted BCE,10,0.5561916021534604,0.7845967253335089
CIFAR10_Bird_vs_Frog_ControlledImbalance,401,Weighted BCE,11,0.5186677470494776,0.8025787708570631
CIFAR10_Bird_vs_Frog_ControlledImbalance,401,Weighted BCE,12,0.48550567376946246,0.8406646371745378
CIFAR10_Bird_vs_Frog_ControlledImbalance,401,Weighted BCE,13,0.46659666635129604,0.8016980054567187
CIFAR10_Bird_vs_Frog_ControlledImbalance,401,Weighted BCE,14,0.410962116036943,0.787892813305203
CIFAR10_Bird_vs_Frog_ControlledImbalance,401,Weighted BCE,15,0.3905791815983938,0.817979943838051
CIFAR10_Bird_vs_Frog_ControlledImbalance,509,Soft-F2,1,0.45159158655161474,0.4317639392914532
CIFAR10_Bird_vs_Frog_ControlledImbalance,509,Soft-F2,2,0.43319665757950954,0.4317634954726953
CIFAR10_Bird_vs_Frog_ControlledImbalance,509,Soft-F2,3,0.43496226346997074,0.4317634954726953
CIFAR10_Bird_vs_Frog_ControlledImbalance,509,Soft-F2,4,0.4343555837896469,0.4317634954726953
CIFAR10_Bird_vs_Frog_ControlledImbalance,509,Soft-F2,5,0.4345307358206123,0.4317634954726953
CIFAR10_Bird_vs_Frog_ControlledImbalance,509,Soft-F2,6,0.4344679536205707,0.4317634954726953
CIFAR10_Bird_vs_Frog_ControlledImbalance,509,Weighted BCE,1,1.4141953354156522,1.098323568165731
CIFAR10_Bird_vs_Frog_ControlledImbalance,509,Weighted BCE,2,1.0991435646474308,1.097761338563274
CIFAR10_Bird_vs_Frog_ControlledImbalance,509,Weighted BCE,3,1.0626047498787126,1.0280134767937146
CIFAR10_Bird_vs_Frog_ControlledImbalance,509,Weighted BCE,4,1.0198149969725863,1.0109935364277243
CIFAR10_Bird_vs_Frog_ControlledImbalance,509,Weighted BCE,5,0.978460779016239,0.9390047617095838
CIFAR10_Bird_vs_Frog_ControlledImbalance,509,Weighted BCE,6,0.9160836456489392,0.9036222722032945
CIFAR10_Bird_vs_Frog_ControlledImbalance,509,Weighted BCE,7,0.8606161785275951,0.8664527226695053
CIFAR10_Bird_vs_Frog_ControlledImbalance,509,Weighted BCE,8,0.8269208853680415,0.8587428099817509
CIFAR10_Bird_vs_Frog_ControlledImbalance,509,Weighted BCE,9,0.7874306800341843,0.8389162502700477
CIFAR10_Bird_vs_Frog_ControlledImbalance,509,Weighted BCE,10,0.7561660968001955,0.8386329125157364
CIFAR10_Bird_vs_Frog_ControlledImbalance,509,Weighted BCE,11,0.7290050684600988,0.8355246443542645
CIFAR10_Bird_vs_Frog_ControlledImbalance,509,Weighted BCE,12,0.6970127278571725,0.8207903581557514
CIFAR10_Bird_vs_Frog_ControlledImbalance,509,Weighted BCE,13,0.6727253564513556,0.8184846082179666
CIFAR10_Bird_vs_Frog_ControlledImbalance,509,Weighted BCE,14,0.6472941576951694,0.8197529157288641
CIFAR10_Bird_vs_Frog_ControlledImbalance,509,Weighted BCE,15,0.6211165544903031,0.8213272840856648
CIFAR10_Bird_vs_Frog_ControlledImbalance,509,Weighted BCE,16,0.5939577864860223,0.847102521134795
CIFAR10_Bird_vs_Frog_ControlledImbalance,509,Weighted BCE,17,0.5793591674977224,0.8122406786294292
CIFAR10_Bird_vs_Frog_ControlledImbalance,509,Weighted BCE,18,0.5546333096673315,0.8091308084323252
CIFAR10_Bird_vs_Frog_ControlledImbalance,509,Weighted BCE,19,0.5354421206361855,0.8103744443372
CIFAR10_Bird_vs_Frog_ControlledImbalance,509,Weighted BCE,20,0.515987292938035,0.8136021336205572
CIFAR10_Bird_vs_Frog_ControlledImbalance,509,Weighted BCE,21,0.4938418120011674,0.8239147478727986
CIFAR10_Bird_vs_Frog_ControlledImbalance,509,Weighted BCE,22,0.4742533092988063,0.8295212190785854
CIFAR10_Bird_vs_Frog_ControlledImbalance,509,Weighted BCE,23,0.4612081088695732,0.817528496972091
CIFAR10_Bird_vs_Frog_ControlledImbalance,613,Soft-F2,1,0.4535968480723919,0.43465398198409044
CIFAR10_Bird_vs_Frog_ControlledImbalance,613,Soft-F2,2,0.4336933918518595,0.43465320883895
CIFAR10_Bird_vs_Frog_ControlledImbalance,613,Soft-F2,3,0.43327721108411693,0.43465318139508474
CIFAR10_Bird_vs_Frog_ControlledImbalance,613,Soft-F2,4,0.43350549901958846,0.43465318139508474
CIFAR10_Bird_vs_Frog_ControlledImbalance,613,Soft-F2,5,0.4333544870307057,0.43465318139508474
CIFAR10_Bird_vs_Frog_ControlledImbalance,613,Soft-F2,6,0.4334591608343631,0.43465318139508474
CIFAR10_Bird_vs_Frog_ControlledImbalance,613,Weighted BCE,1,1.2871574874829859,1.111438030819241
CIFAR10_Bird_vs_Frog_ControlledImbalance,613,Weighted BCE,2,0.972387847387501,0.9787422491492127
CIFAR10_Bird_vs_Frog_ControlledImbalance,613,Weighted BCE,3,0.8857530588829013,0.9251234647181394
CIFAR10_Bird_vs_Frog_ControlledImbalance,613,Weighted BCE,4,0.810949954065946,0.9527442987016637
CIFAR10_Bird_vs_Frog_ControlledImbalance,613,Weighted BCE,5,0.7698404836719043,0.9446545054586671
CIFAR10_Bird_vs_Frog_ControlledImbalance,613,Weighted BCE,6,0.7188583406964258,0.9108823868010542
CIFAR10_Bird_vs_Frog_ControlledImbalance,613,Weighted BCE,7,0.6749563769753402,0.8842597882524669
CIFAR10_Bird_vs_Frog_ControlledImbalance,613,Weighted BCE,8,0.6139698010860103,0.8899015231098203
CIFAR10_Bird_vs_Frog_ControlledImbalance,613,Weighted BCE,9,0.5869317326215234,0.8747787612805263
CIFAR10_Bird_vs_Frog_ControlledImbalance,613,Weighted BCE,10,0.5487657505633271,0.9972796071347573
CIFAR10_Bird_vs_Frog_ControlledImbalance,613,Weighted BCE,11,0.5089945889184542,0.8760349514673083
CIFAR10_Bird_vs_Frog_ControlledImbalance,613,Weighted BCE,12,0.471429991947435,0.8835267214466342
CIFAR10_Bird_vs_Frog_ControlledImbalance,613,Weighted BCE,13,0.4388767717712962,1.0350635935076706
CIFAR10_Bird_vs_Frog_ControlledImbalance,613,Weighted BCE,14,0.4126856935710976,0.9100543800875437
CIFAR10_Bird_vs_Frog_ControlledImbalance,719,Soft-F2,1,0.45612867666084844,0.4319812033673842
CIFAR10_Bird_vs_Frog_ControlledImbalance,719,Soft-F2,2,0.43406596090426647,0.43194253496128876
CIFAR10_Bird_vs_Frog_ControlledImbalance,719,Soft-F2,3,0.43358161924767347,0.43193811649898833
CIFAR10_Bird_vs_Frog_ControlledImbalance,719,Soft-F2,4,0.43495552830605977,0.43193696385664904
CIFAR10_Bird_vs_Frog_ControlledImbalance,719,Soft-F2,5,0.43336624298730914,0.4319366070864012
CIFAR10_Bird_vs_Frog_ControlledImbalance,719,Soft-F2,6,0.43458819137190396,0.4319364424232099
CIFAR10_Bird_vs_Frog_ControlledImbalance,719,Soft-F2,7,0.4328906252832696,0.4319363875354794
CIFAR10_Bird_vs_Frog_ControlledImbalance,719,Weighted BCE,1,1.2894155936236857,1.052508908210041
CIFAR10_Bird_vs_Frog_ControlledImbalance,719,Weighted BCE,2,0.9980105183126688,0.9488502200558889
CIFAR10_Bird_vs_Frog_ControlledImbalance,719,Weighted BCE,3,0.87539986728227,0.9163239323835579
CIFAR10_Bird_vs_Frog_ControlledImbalance,719,Weighted BCE,4,0.8055214799813168,0.933507967767098
CIFAR10_Bird_vs_Frog_ControlledImbalance,719,Weighted BCE,5,0.7607608928967982,0.9734379490502447
CIFAR10_Bird_vs_Frog_ControlledImbalance,719,Weighted BCE,6,0.7227900832435443,0.9478165811771969
CIFAR10_Bird_vs_Frog_ControlledImbalance,719,Weighted BCE,7,0.6664845628528097,0.9121772158060143
CIFAR10_Bird_vs_Frog_ControlledImbalance,719,Weighted BCE,8,0.612313092613306,0.865517197753028
CIFAR10_Bird_vs_Frog_ControlledImbalance,719,Weighted BCE,9,0.5722241669383594,0.8588813007306709
CIFAR10_Bird_vs_Frog_ControlledImbalance,719,Weighted BCE,10,0.5249013354604465,0.8489974419847667
CIFAR10_Bird_vs_Frog_ControlledImbalance,719,Weighted BCE,11,0.48631719181282257,0.8522807616981671
CIFAR10_Bird_vs_Frog_ControlledImbalance,719,Weighted BCE,12,0.43772202413646516,0.8222704422559669
CIFAR10_Bird_vs_Frog_ControlledImbalance,719,Weighted BCE,13,0.4019284586075938,0.8943925710033169
CIFAR10_Bird_vs_Frog_ControlledImbalance,719,Weighted BCE,14,0.36374312193945224,0.8032615480663108
CIFAR10_Bird_vs_Frog_ControlledImbalance,719,Weighted BCE,15,0.3353497142678011,1.0036971586213694
CIFAR10_Bird_vs_Frog_ControlledImbalance,719,Weighted BCE,16,0.3234982192248079,0.8077622141769464
CIFAR10_Bird_vs_Frog_ControlledImbalance,719,Weighted BCE,17,0.2897369920885531,0.8883016521124532
CIFAR10_Bird_vs_Frog_ControlledImbalance,719,Weighted BCE,18,0.24795576860301674,0.8234556819037567
CIFAR10_Bird_vs_Frog_ControlledImbalance,719,Weighted BCE,19,0.22748351715417942,0.8294853190723941
